<?xml version="1.0" encoding="utf-8"?>
<ServiceModelInstallationInfo xmlns:xsi="http://www.w3.org/2001/XMLSchema-instance" xmlns:xsd="http://www.w3.org/2001/XMLSchema">
  <Name>AOSService</Name>
  <Description />
  <InstallationDateTime>2019-02-26T23:30:22.6910979-08:00</InstallationDateTime>
  <InstallationInfoFilePath>d:\dbs\sh\rfp\0226_210430_0\cmd\35\Drop\retail\Services\AOSService\Scripts\InstallationInfo.xml</InstallationInfoFilePath>
  <Version>7.0.5179.35389</Version>
  <Publisher>Microsoft Corporation</Publisher>
  <GeneratedFromAXMetadata>false</GeneratedFromAXMetadata>
  <Configuration />
  <CustomName />
  <CustomVersion />
  <CustomDescription />
  <CustomPublisher />
  <ServiceModelGroup>Platform</ServiceModelGroup>
  <ReleaseVersion>Update24</ReleaseVersion>
  <ProductRegisteredName>Microsoft Dynamics 365 for Finance and Operations</ProductRegisteredName>
</ServiceModelInstallationInfo>